scenario,variant,run,tool,rule_id,severity,cvss,file,line,message
scenario-a,1,1,gitleaks,experiment-aws-secret-access-key,critical,,apps/flask-app/config.py,10,experiment-aws-secret-access-key has detected secret for file apps/flask-app/config.py at commit 7304be0396a5dde17465821472b63a6a1861c48c.
scenario-a,1,1,gitleaks,aws-access-token,critical,,apps/flask-app/config.py,9,aws-access-token has detected secret for file apps/flask-app/config.py at commit 7304be0396a5dde17465821472b63a6a1861c48c.
scenario-a,1,1,gitleaks,experiment-aws-access-key-id,critical,,apps/flask-app/config.py,9,experiment-aws-access-key-id has detected secret for file apps/flask-app/config.py at commit 7304be0396a5dde17465821472b63a6a1861c48c.
scenario-a,1,2,gitleaks,experiment-aws-access-key-id,critical,,apps/flask-app/config.py,9,experiment-aws-access-key-id has detected secret for file apps/flask-app/config.py at commit cbaa3a109708f814cb2235568572dfcba0765330.
scenario-a,1,2,gitleaks,aws-access-token,critical,,apps/flask-app/config.py,9,aws-access-token has detected secret for file apps/flask-app/config.py at commit cbaa3a109708f814cb2235568572dfcba0765330.
scenario-a,1,2,gitleaks,experiment-aws-secret-access-key,critical,,apps/flask-app/config.py,10,experiment-aws-secret-access-key has detected secret for file apps/flask-app/config.py at commit cbaa3a109708f814cb2235568572dfcba0765330.
scenario-a,1,3,gitleaks,aws-access-token,critical,,apps/flask-app/config.py,9,aws-access-token has detected secret for file apps/flask-app/config.py at commit 12dedd544bbfe963a0035eeced91e004f4c9acf3.
scenario-a,1,3,gitleaks,experiment-aws-secret-access-key,critical,,apps/flask-app/config.py,10,experiment-aws-secret-access-key has detected secret for file apps/flask-app/config.py at commit 12dedd544bbfe963a0035eeced91e004f4c9acf3.
scenario-a,1,3,gitleaks,experiment-aws-access-key-id,critical,,apps/flask-app/config.py,9,experiment-aws-access-key-id has detected secret for file apps/flask-app/config.py at commit 12dedd544bbfe963a0035eeced91e004f4c9acf3.
scenario-a,1,4,gitleaks,aws-access-token,critical,,apps/flask-app/config.py,9,aws-access-token has detected secret for file apps/flask-app/config.py at commit 2c6bb7e238d86e0ca18659a0d25e485565083357.
scenario-a,1,4,gitleaks,experiment-aws-secret-access-key,critical,,apps/flask-app/config.py,10,experiment-aws-secret-access-key has detected secret for file apps/flask-app/config.py at commit 2c6bb7e238d86e0ca18659a0d25e485565083357.
scenario-a,1,4,gitleaks,experiment-aws-access-key-id,critical,,apps/flask-app/config.py,9,experiment-aws-access-key-id has detected secret for file apps/flask-app/config.py at commit 2c6bb7e238d86e0ca18659a0d25e485565083357.
scenario-a,1,5,gitleaks,experiment-aws-access-key-id,critical,,apps/flask-app/config.py,9,experiment-aws-access-key-id has detected secret for file apps/flask-app/config.py at commit 4630d5a4ba6b995be1187a8ccd200344a18ccb24.
scenario-a,1,5,gitleaks,aws-access-token,critical,,apps/flask-app/config.py,9,aws-access-token has detected secret for file apps/flask-app/config.py at commit 4630d5a4ba6b995be1187a8ccd200344a18ccb24.
scenario-a,1,5,gitleaks,experiment-aws-secret-access-key,critical,,apps/flask-app/config.py,10,experiment-aws-secret-access-key has detected secret for file apps/flask-app/config.py at commit 4630d5a4ba6b995be1187a8ccd200344a18ccb24.
scenario-a,2,1,gitleaks,github-pat,critical,,apps/flask-app/.env.example,8,github-pat has detected secret for file apps/flask-app/.env.example at commit b8ec9fbc5092ff646d3da02ff2da0b846bc6faf3.
scenario-a,2,2,gitleaks,github-pat,critical,,apps/flask-app/.env.example,8,github-pat has detected secret for file apps/flask-app/.env.example at commit 2cb527c09530e2b0ecbf41c5c96235c91906ac6d.
scenario-a,2,3,gitleaks,github-pat,critical,,apps/flask-app/.env.example,8,github-pat has detected secret for file apps/flask-app/.env.example at commit f37241c0d466e9503b95aa2b53f5092adb10c0a5.
scenario-b,1,1,dependency-check,CVE-2020-14343,critical,9.8,file:///github/workspace/apps/flask-app/requirements.txt:PyYAML/5.3.1,,"CVE-2020-14343 - A vulnerability was discovered in the PyYAML library in versions before 5.4, where it is susceptible to arbitrary code execution when it proces"
scenario-b,1,2,dependency-check,CVE-2020-14343,critical,9.8,file:///github/workspace/apps/flask-app/requirements.txt:PyYAML/5.3.1,,"CVE-2020-14343 - A vulnerability was discovered in the PyYAML library in versions before 5.4, where it is susceptible to arbitrary code execution when it proces"
scenario-b,1,3,dependency-check,CVE-2020-14343,critical,9.8,file:///github/workspace/apps/flask-app/requirements.txt:PyYAML/5.3.1,,"CVE-2020-14343 - A vulnerability was discovered in the PyYAML library in versions before 5.4, where it is susceptible to arbitrary code execution when it proces"
scenario-b,1,4,dependency-check,CVE-2020-14343,critical,9.8,file:///github/workspace/apps/flask-app/requirements.txt:PyYAML/5.3.1,,"CVE-2020-14343 - A vulnerability was discovered in the PyYAML library in versions before 5.4, where it is susceptible to arbitrary code execution when it proces"
scenario-b,1,5,dependency-check,CVE-2020-14343,critical,9.8,file:///github/workspace/apps/flask-app/requirements.txt:PyYAML/5.3.1,,"CVE-2020-14343 - A vulnerability was discovered in the PyYAML library in versions before 5.4, where it is susceptible to arbitrary code execution when it proces"
scenario-b,2,1,dependency-check,CVE-2018-7750,critical,9.8,file:///github/workspace/apps/flask-app/requirements.txt:paramiko/2.4.0,,"CVE-2018-7750 - transport.py in the SSH server implementation of Paramiko before 1.17.6, 1.18.x before 1.18.5, 2.0.x before 2.0.8, 2.1.x before 2.1.5, 2.2.x bef"
scenario-b,2,1,dependency-check,CVE-2022-24302,medium,5.9,file:///github/workspace/apps/flask-app/requirements.txt:paramiko/2.4.0,,"CVE-2022-24302 - In Paramiko before 2.10.1, a race condition (between creation and chmod) in the write_private_key_file function could allow unauthorized inform"
scenario-b,2,1,dependency-check,CVE-2023-48795,medium,5.9,file:///github/workspace/apps/flask-app/requirements.txt:paramiko/2.4.0,,"CVE-2023-48795 - The SSH transport protocol with certain OpenSSH extensions, found in OpenSSH before 9.6 and other products, allows remote attackers to bypass i"
scenario-b,2,1,trivy,CVE-2026-27205,low,2.0,requirements.txt,1,"Package: Flask
Installed Version: 3.0.3
Vulnerability CVE-2026-27205
Severity: LOW
Fixed Version: 3.1.3
Link: [CVE-2026-27205](https://avd.aquasec.com/nvd/cve-2"
scenario-b,2,1,trivy,CVE-2018-7750,critical,9.8,requirements.txt,5,"Package: paramiko
Installed Version: 2.4.0
Vulnerability CVE-2018-7750
Severity: CRITICAL
Fixed Version: 2.0.8, 2.1.5, 2.2.3, 2.3.2, 2.4.1, 1.18.5, 1.17.6
Link:"
scenario-b,2,1,trivy,CVE-2018-1000805,high,8.8,requirements.txt,5,"Package: paramiko
Installed Version: 2.4.0
Vulnerability CVE-2018-1000805
Severity: HIGH
Fixed Version: 2.4.2, 2.3.3, 2.2.4, 2.1.6, 2.0.9
Link: [CVE-2018-100080"
scenario-b,2,2,dependency-check,CVE-2018-7750,critical,9.8,file:///github/workspace/apps/flask-app/requirements.txt:paramiko/2.4.0,,"CVE-2018-7750 - transport.py in the SSH server implementation of Paramiko before 1.17.6, 1.18.x before 1.18.5, 2.0.x before 2.0.8, 2.1.x before 2.1.5, 2.2.x bef"
scenario-b,2,2,dependency-check,CVE-2022-24302,medium,5.9,file:///github/workspace/apps/flask-app/requirements.txt:paramiko/2.4.0,,"CVE-2022-24302 - In Paramiko before 2.10.1, a race condition (between creation and chmod) in the write_private_key_file function could allow unauthorized inform"
scenario-b,2,2,dependency-check,CVE-2023-48795,medium,5.9,file:///github/workspace/apps/flask-app/requirements.txt:paramiko/2.4.0,,"CVE-2023-48795 - The SSH transport protocol with certain OpenSSH extensions, found in OpenSSH before 9.6 and other products, allows remote attackers to bypass i"
scenario-b,2,2,trivy,CVE-2026-27205,low,2.0,requirements.txt,1,"Package: Flask
Installed Version: 3.0.3
Vulnerability CVE-2026-27205
Severity: LOW
Fixed Version: 3.1.3
Link: [CVE-2026-27205](https://avd.aquasec.com/nvd/cve-2"
scenario-b,2,2,trivy,CVE-2018-7750,critical,9.8,requirements.txt,5,"Package: paramiko
Installed Version: 2.4.0
Vulnerability CVE-2018-7750
Severity: CRITICAL
Fixed Version: 2.0.8, 2.1.5, 2.2.3, 2.3.2, 2.4.1, 1.18.5, 1.17.6
Link:"
scenario-b,2,2,trivy,CVE-2018-1000805,high,8.8,requirements.txt,5,"Package: paramiko
Installed Version: 2.4.0
Vulnerability CVE-2018-1000805
Severity: HIGH
Fixed Version: 2.4.2, 2.3.3, 2.2.4, 2.1.6, 2.0.9
Link: [CVE-2018-100080"
scenario-b,2,3,dependency-check,CVE-2018-7750,critical,9.8,file:///github/workspace/apps/flask-app/requirements.txt:paramiko/2.4.0,,"CVE-2018-7750 - transport.py in the SSH server implementation of Paramiko before 1.17.6, 1.18.x before 1.18.5, 2.0.x before 2.0.8, 2.1.x before 2.1.5, 2.2.x bef"
scenario-b,2,3,dependency-check,CVE-2022-24302,medium,5.9,file:///github/workspace/apps/flask-app/requirements.txt:paramiko/2.4.0,,"CVE-2022-24302 - In Paramiko before 2.10.1, a race condition (between creation and chmod) in the write_private_key_file function could allow unauthorized inform"
scenario-b,2,3,dependency-check,CVE-2023-48795,medium,5.9,file:///github/workspace/apps/flask-app/requirements.txt:paramiko/2.4.0,,"CVE-2023-48795 - The SSH transport protocol with certain OpenSSH extensions, found in OpenSSH before 9.6 and other products, allows remote attackers to bypass i"
scenario-b,2,3,trivy,CVE-2026-27205,low,2.0,requirements.txt,1,"Package: Flask
Installed Version: 3.0.3
Vulnerability CVE-2026-27205
Severity: LOW
Fixed Version: 3.1.3
Link: [CVE-2026-27205](https://avd.aquasec.com/nvd/cve-2"
scenario-b,2,3,trivy,CVE-2018-7750,critical,9.8,requirements.txt,5,"Package: paramiko
Installed Version: 2.4.0
Vulnerability CVE-2018-7750
Severity: CRITICAL
Fixed Version: 2.0.8, 2.1.5, 2.2.3, 2.3.2, 2.4.1, 1.18.5, 1.17.6
Link:"
scenario-b,2,3,trivy,CVE-2018-1000805,high,8.8,requirements.txt,5,"Package: paramiko
Installed Version: 2.4.0
Vulnerability CVE-2018-1000805
Severity: HIGH
Fixed Version: 2.4.2, 2.3.3, 2.2.4, 2.1.6, 2.0.9
Link: [CVE-2018-100080"
scenario-b,3,1,trivy,CVE-2026-27205,low,2.0,requirements.txt,1,"Package: Flask
Installed Version: 3.0.3
Vulnerability CVE-2026-27205
Severity: LOW
Fixed Version: 3.1.3
Link: [CVE-2026-27205](https://avd.aquasec.com/nvd/cve-2"
scenario-b,3,1,trivy,CVE-2024-1135,high,8.2,requirements.txt,4,"Package: gunicorn
Installed Version: 20.0.0
Vulnerability CVE-2024-1135
Severity: HIGH
Fixed Version: 22.0.0
Link: [CVE-2024-1135](https://avd.aquasec.com/nvd/c"
scenario-b,3,1,trivy,CVE-2024-6827,high,7.5,requirements.txt,4,"Package: gunicorn
Installed Version: 20.0.0
Vulnerability CVE-2024-6827
Severity: HIGH
Fixed Version: 22.0.0
Link: [CVE-2024-6827](https://avd.aquasec.com/nvd/c"
scenario-b,3,1,trivy,CVE-2026-27205,low,2.0,usr/local/lib/python3.12/site-packages/flask-3.0.3.dist-info/METADATA,1,"Package: Flask
Installed Version: 3.0.3
Vulnerability CVE-2026-27205
Severity: LOW
Fixed Version: 3.1.3
Link: [CVE-2026-27205](https://avd.aquasec.com/nvd/cve-2"
scenario-b,3,1,trivy,CVE-2024-1135,high,8.2,usr/local/lib/python3.12/site-packages/gunicorn-20.0.0.dist-info/METADATA,1,"Package: gunicorn
Installed Version: 20.0.0
Vulnerability CVE-2024-1135
Severity: HIGH
Fixed Version: 22.0.0
Link: [CVE-2024-1135](https://avd.aquasec.com/nvd/c"
scenario-b,3,1,trivy,CVE-2024-6827,high,7.5,usr/local/lib/python3.12/site-packages/gunicorn-20.0.0.dist-info/METADATA,1,"Package: gunicorn
Installed Version: 20.0.0
Vulnerability CVE-2024-6827
Severity: HIGH
Fixed Version: 22.0.0
Link: [CVE-2024-6827](https://avd.aquasec.com/nvd/c"
scenario-b,3,1,trivy,CVE-2025-8869,medium,5.5,usr/local/lib/python3.12/site-packages/pip-25.0.1.dist-info/METADATA,1,"Package: pip
Installed Version: 25.0.1
Vulnerability CVE-2025-8869
Severity: MEDIUM
Fixed Version: 25.3
Link: [CVE-2025-8869](https://avd.aquasec.com/nvd/cve-20"
scenario-b,3,1,trivy,CVE-2026-3219,medium,5.5,usr/local/lib/python3.12/site-packages/pip-25.0.1.dist-info/METADATA,1,"Package: pip
Installed Version: 25.0.1
Vulnerability CVE-2026-3219
Severity: MEDIUM
Fixed Version: 26.1
Link: [CVE-2026-3219](https://avd.aquasec.com/nvd/cve-20"
scenario-b,3,1,trivy,CVE-2026-6357,medium,5.5,usr/local/lib/python3.12/site-packages/pip-25.0.1.dist-info/METADATA,1,"Package: pip
Installed Version: 25.0.1
Vulnerability CVE-2026-6357
Severity: MEDIUM
Fixed Version: 26.1
Link: [CVE-2026-6357](https://avd.aquasec.com/nvd/cve-20"
scenario-b,3,1,trivy,CVE-2026-1703,low,2.0,usr/local/lib/python3.12/site-packages/pip-25.0.1.dist-info/METADATA,1,"Package: pip
Installed Version: 25.0.1
Vulnerability CVE-2026-1703
Severity: LOW
Fixed Version: 26.0
Link: [CVE-2026-1703](https://avd.aquasec.com/nvd/cve-2026-"
scenario-b,3,1,zap,10095,medium,,http://localhost:3000,31,Backup File Disclosure
scenario-b,3,1,zap,40038,medium,,http://localhost:3000,5,Bypassing 403
scenario-b,3,1,zap,40040,medium,,http://localhost:3000,5,CORS Misconfiguration
scenario-b,3,1,zap,10038,medium,,http://localhost:3000,5,Content Security Policy (CSP) Header Not Set
scenario-b,3,1,zap,10098,medium,,http://localhost:3000,5,Cross-Domain Misconfiguration
scenario-b,3,1,zap,10017,low,,http://localhost:3000,5,Cross-Domain JavaScript Source File Inclusion
scenario-b,3,1,zap,90004,low,,http://localhost:3000,5,Cross-Origin-Embedder-Policy Header Missing or Invalid
scenario-b,3,1,zap,90004,low,,http://localhost:3000,5,Cross-Origin-Opener-Policy Header Missing or Invalid
scenario-b,3,1,zap,10110,low,,http://localhost:3000,2,Dangerous JS Functions
scenario-b,3,1,zap,10063,low,,http://localhost:3000,5,Deprecated Feature Policy Header Set
scenario-b,3,1,zap,10096,low,,http://localhost:3000,1,Timestamp Disclosure - Unix
scenario-b,3,1,zap,10109,info,,http://localhost:3000,5,Modern Web Application
scenario-b,3,1,zap,10049,info,,http://localhost:3000,2,Non-Storable Content
scenario-b,3,1,zap,10049,info,,http://localhost:3000,1,Storable and Cacheable Content
scenario-b,3,1,zap,10049,info,,http://localhost:3000,5,Storable but Non-Cacheable Content
scenario-b,3,1,zap,10104,info,,http://localhost:3000,5,User Agent Fuzzer
scenario-b,3,2,trivy,CVE-2026-27205,low,2.0,requirements.txt,1,"Package: Flask
Installed Version: 3.0.3
Vulnerability CVE-2026-27205
Severity: LOW
Fixed Version: 3.1.3
Link: [CVE-2026-27205](https://avd.aquasec.com/nvd/cve-2"
scenario-b,3,2,trivy,CVE-2024-1135,high,8.2,requirements.txt,4,"Package: gunicorn
Installed Version: 20.0.0
Vulnerability CVE-2024-1135
Severity: HIGH
Fixed Version: 22.0.0
Link: [CVE-2024-1135](https://avd.aquasec.com/nvd/c"
scenario-b,3,2,trivy,CVE-2024-6827,high,7.5,requirements.txt,4,"Package: gunicorn
Installed Version: 20.0.0
Vulnerability CVE-2024-6827
Severity: HIGH
Fixed Version: 22.0.0
Link: [CVE-2024-6827](https://avd.aquasec.com/nvd/c"
scenario-b,3,2,trivy,CVE-2026-27205,low,2.0,usr/local/lib/python3.12/site-packages/flask-3.0.3.dist-info/METADATA,1,"Package: Flask
Installed Version: 3.0.3
Vulnerability CVE-2026-27205
Severity: LOW
Fixed Version: 3.1.3
Link: [CVE-2026-27205](https://avd.aquasec.com/nvd/cve-2"
scenario-b,3,2,trivy,CVE-2024-1135,high,8.2,usr/local/lib/python3.12/site-packages/gunicorn-20.0.0.dist-info/METADATA,1,"Package: gunicorn
Installed Version: 20.0.0
Vulnerability CVE-2024-1135
Severity: HIGH
Fixed Version: 22.0.0
Link: [CVE-2024-1135](https://avd.aquasec.com/nvd/c"
scenario-b,3,2,trivy,CVE-2024-6827,high,7.5,usr/local/lib/python3.12/site-packages/gunicorn-20.0.0.dist-info/METADATA,1,"Package: gunicorn
Installed Version: 20.0.0
Vulnerability CVE-2024-6827
Severity: HIGH
Fixed Version: 22.0.0
Link: [CVE-2024-6827](https://avd.aquasec.com/nvd/c"
scenario-b,3,2,trivy,CVE-2025-8869,medium,5.5,usr/local/lib/python3.12/site-packages/pip-25.0.1.dist-info/METADATA,1,"Package: pip
Installed Version: 25.0.1
Vulnerability CVE-2025-8869
Severity: MEDIUM
Fixed Version: 25.3
Link: [CVE-2025-8869](https://avd.aquasec.com/nvd/cve-20"
scenario-b,3,2,trivy,CVE-2026-3219,medium,5.5,usr/local/lib/python3.12/site-packages/pip-25.0.1.dist-info/METADATA,1,"Package: pip
Installed Version: 25.0.1
Vulnerability CVE-2026-3219
Severity: MEDIUM
Fixed Version: 26.1
Link: [CVE-2026-3219](https://avd.aquasec.com/nvd/cve-20"
scenario-b,3,2,trivy,CVE-2026-6357,medium,5.5,usr/local/lib/python3.12/site-packages/pip-25.0.1.dist-info/METADATA,1,"Package: pip
Installed Version: 25.0.1
Vulnerability CVE-2026-6357
Severity: MEDIUM
Fixed Version: 26.1
Link: [CVE-2026-6357](https://avd.aquasec.com/nvd/cve-20"
scenario-b,3,2,trivy,CVE-2026-1703,low,2.0,usr/local/lib/python3.12/site-packages/pip-25.0.1.dist-info/METADATA,1,"Package: pip
Installed Version: 25.0.1
Vulnerability CVE-2026-1703
Severity: LOW
Fixed Version: 26.0
Link: [CVE-2026-1703](https://avd.aquasec.com/nvd/cve-2026-"
scenario-b,3,2,zap,10095,medium,,http://localhost:3000,31,Backup File Disclosure
scenario-b,3,2,zap,40038,medium,,http://localhost:3000,5,Bypassing 403
scenario-b,3,2,zap,40040,medium,,http://localhost:3000,5,CORS Misconfiguration
scenario-b,3,2,zap,10038,medium,,http://localhost:3000,5,Content Security Policy (CSP) Header Not Set
scenario-b,3,2,zap,10098,medium,,http://localhost:3000,5,Cross-Domain Misconfiguration
scenario-b,3,2,zap,10017,low,,http://localhost:3000,5,Cross-Domain JavaScript Source File Inclusion
scenario-b,3,2,zap,90004,low,,http://localhost:3000,5,Cross-Origin-Embedder-Policy Header Missing or Invalid
scenario-b,3,2,zap,90004,low,,http://localhost:3000,5,Cross-Origin-Opener-Policy Header Missing or Invalid
scenario-b,3,2,zap,10110,low,,http://localhost:3000,2,Dangerous JS Functions
scenario-b,3,2,zap,10063,low,,http://localhost:3000,5,Deprecated Feature Policy Header Set
scenario-b,3,2,zap,10096,low,,http://localhost:3000,1,Timestamp Disclosure - Unix
scenario-b,3,2,zap,10109,info,,http://localhost:3000,5,Modern Web Application
scenario-b,3,2,zap,10049,info,,http://localhost:3000,1,Non-Storable Content
scenario-b,3,2,zap,10049,info,,http://localhost:3000,1,Storable and Cacheable Content
scenario-b,3,2,zap,10049,info,,http://localhost:3000,5,Storable but Non-Cacheable Content
scenario-b,3,2,zap,10104,info,,http://localhost:3000,5,User Agent Fuzzer
scenario-b,3,3,trivy,CVE-2026-27205,low,2.0,requirements.txt,1,"Package: Flask
Installed Version: 3.0.3
Vulnerability CVE-2026-27205
Severity: LOW
Fixed Version: 3.1.3
Link: [CVE-2026-27205](https://avd.aquasec.com/nvd/cve-2"
scenario-b,3,3,trivy,CVE-2024-1135,high,8.2,requirements.txt,4,"Package: gunicorn
Installed Version: 20.0.0
Vulnerability CVE-2024-1135
Severity: HIGH
Fixed Version: 22.0.0
Link: [CVE-2024-1135](https://avd.aquasec.com/nvd/c"
scenario-b,3,3,trivy,CVE-2024-6827,high,7.5,requirements.txt,4,"Package: gunicorn
Installed Version: 20.0.0
Vulnerability CVE-2024-6827
Severity: HIGH
Fixed Version: 22.0.0
Link: [CVE-2024-6827](https://avd.aquasec.com/nvd/c"
scenario-b,3,3,trivy,CVE-2026-27205,low,2.0,usr/local/lib/python3.12/site-packages/flask-3.0.3.dist-info/METADATA,1,"Package: Flask
Installed Version: 3.0.3
Vulnerability CVE-2026-27205
Severity: LOW
Fixed Version: 3.1.3
Link: [CVE-2026-27205](https://avd.aquasec.com/nvd/cve-2"
scenario-b,3,3,trivy,CVE-2024-1135,high,8.2,usr/local/lib/python3.12/site-packages/gunicorn-20.0.0.dist-info/METADATA,1,"Package: gunicorn
Installed Version: 20.0.0
Vulnerability CVE-2024-1135
Severity: HIGH
Fixed Version: 22.0.0
Link: [CVE-2024-1135](https://avd.aquasec.com/nvd/c"
scenario-b,3,3,trivy,CVE-2024-6827,high,7.5,usr/local/lib/python3.12/site-packages/gunicorn-20.0.0.dist-info/METADATA,1,"Package: gunicorn
Installed Version: 20.0.0
Vulnerability CVE-2024-6827
Severity: HIGH
Fixed Version: 22.0.0
Link: [CVE-2024-6827](https://avd.aquasec.com/nvd/c"
scenario-b,3,3,trivy,CVE-2025-8869,medium,5.5,usr/local/lib/python3.12/site-packages/pip-25.0.1.dist-info/METADATA,1,"Package: pip
Installed Version: 25.0.1
Vulnerability CVE-2025-8869
Severity: MEDIUM
Fixed Version: 25.3
Link: [CVE-2025-8869](https://avd.aquasec.com/nvd/cve-20"
scenario-b,3,3,trivy,CVE-2026-3219,medium,5.5,usr/local/lib/python3.12/site-packages/pip-25.0.1.dist-info/METADATA,1,"Package: pip
Installed Version: 25.0.1
Vulnerability CVE-2026-3219
Severity: MEDIUM
Fixed Version: 26.1
Link: [CVE-2026-3219](https://avd.aquasec.com/nvd/cve-20"
scenario-b,3,3,trivy,CVE-2026-6357,medium,5.5,usr/local/lib/python3.12/site-packages/pip-25.0.1.dist-info/METADATA,1,"Package: pip
Installed Version: 25.0.1
Vulnerability CVE-2026-6357
Severity: MEDIUM
Fixed Version: 26.1
Link: [CVE-2026-6357](https://avd.aquasec.com/nvd/cve-20"
scenario-b,3,3,trivy,CVE-2026-1703,low,2.0,usr/local/lib/python3.12/site-packages/pip-25.0.1.dist-info/METADATA,1,"Package: pip
Installed Version: 25.0.1
Vulnerability CVE-2026-1703
Severity: LOW
Fixed Version: 26.0
Link: [CVE-2026-1703](https://avd.aquasec.com/nvd/cve-2026-"
scenario-b,3,3,zap,10095,medium,,http://localhost:3000,31,Backup File Disclosure
scenario-b,3,3,zap,40038,medium,,http://localhost:3000,5,Bypassing 403
scenario-b,3,3,zap,40040,medium,,http://localhost:3000,5,CORS Misconfiguration
scenario-b,3,3,zap,10038,medium,,http://localhost:3000,5,Content Security Policy (CSP) Header Not Set
scenario-b,3,3,zap,10098,medium,,http://localhost:3000,5,Cross-Domain Misconfiguration
scenario-b,3,3,zap,10017,low,,http://localhost:3000,5,Cross-Domain JavaScript Source File Inclusion
scenario-b,3,3,zap,90004,low,,http://localhost:3000,5,Cross-Origin-Embedder-Policy Header Missing or Invalid
scenario-b,3,3,zap,90004,low,,http://localhost:3000,5,Cross-Origin-Opener-Policy Header Missing or Invalid
scenario-b,3,3,zap,10110,low,,http://localhost:3000,2,Dangerous JS Functions
scenario-b,3,3,zap,10063,low,,http://localhost:3000,5,Deprecated Feature Policy Header Set
scenario-b,3,3,zap,10096,low,,http://localhost:3000,1,Timestamp Disclosure - Unix
scenario-b,3,3,zap,10109,info,,http://localhost:3000,5,Modern Web Application
scenario-b,3,3,zap,10049,info,,http://localhost:3000,1,Non-Storable Content
scenario-b,3,3,zap,10049,info,,http://localhost:3000,1,Storable and Cacheable Content
scenario-b,3,3,zap,10049,info,,http://localhost:3000,5,Storable but Non-Cacheable Content
scenario-b,3,3,zap,10104,info,,http://localhost:3000,5,User Agent Fuzzer
scenario-c,1,2,zap,10095,medium,,http://localhost:3000,31,Backup File Disclosure
scenario-c,1,2,zap,40038,medium,,http://localhost:3000,5,Bypassing 403
scenario-c,1,2,zap,40040,medium,,http://localhost:3000,5,CORS Misconfiguration
scenario-c,1,2,zap,10038,medium,,http://localhost:3000,5,Content Security Policy (CSP) Header Not Set
scenario-c,1,2,zap,10098,medium,,http://localhost:3000,5,Cross-Domain Misconfiguration
scenario-c,1,2,zap,10017,low,,http://localhost:3000,5,Cross-Domain JavaScript Source File Inclusion
scenario-c,1,2,zap,90004,low,,http://localhost:3000,5,Cross-Origin-Embedder-Policy Header Missing or Invalid
scenario-c,1,2,zap,90004,low,,http://localhost:3000,5,Cross-Origin-Opener-Policy Header Missing or Invalid
scenario-c,1,2,zap,10110,low,,http://localhost:3000,2,Dangerous JS Functions
scenario-c,1,2,zap,10063,low,,http://localhost:3000,5,Deprecated Feature Policy Header Set
scenario-c,1,2,zap,10096,low,,http://localhost:3000,1,Timestamp Disclosure - Unix
scenario-c,1,2,zap,10109,info,,http://localhost:3000,5,Modern Web Application
scenario-c,1,2,zap,10049,info,,http://localhost:3000,1,Non-Storable Content
scenario-c,1,2,zap,10049,info,,http://localhost:3000,1,Storable and Cacheable Content
scenario-c,1,2,zap,10049,info,,http://localhost:3000,5,Storable but Non-Cacheable Content
scenario-c,1,2,zap,10104,info,,http://localhost:3000,5,User Agent Fuzzer
scenario-c,1,4,zap,10095,medium,,http://localhost:3000,31,Backup File Disclosure
scenario-c,1,4,zap,40038,medium,,http://localhost:3000,5,Bypassing 403
scenario-c,1,4,zap,40040,medium,,http://localhost:3000,5,CORS Misconfiguration
scenario-c,1,4,zap,10038,medium,,http://localhost:3000,5,Content Security Policy (CSP) Header Not Set
scenario-c,1,4,zap,10098,medium,,http://localhost:3000,5,Cross-Domain Misconfiguration
scenario-c,1,4,zap,10017,low,,http://localhost:3000,5,Cross-Domain JavaScript Source File Inclusion
scenario-c,1,4,zap,90004,low,,http://localhost:3000,5,Cross-Origin-Embedder-Policy Header Missing or Invalid
scenario-c,1,4,zap,90004,low,,http://localhost:3000,5,Cross-Origin-Opener-Policy Header Missing or Invalid
scenario-c,1,4,zap,10110,low,,http://localhost:3000,2,Dangerous JS Functions
scenario-c,1,4,zap,10063,low,,http://localhost:3000,5,Deprecated Feature Policy Header Set
scenario-c,1,4,zap,10096,low,,http://localhost:3000,1,Timestamp Disclosure - Unix
scenario-c,1,4,zap,10109,info,,http://localhost:3000,5,Modern Web Application
scenario-c,1,4,zap,10049,info,,http://localhost:3000,1,Non-Storable Content
scenario-c,1,4,zap,10049,info,,http://localhost:3000,1,Storable and Cacheable Content
scenario-c,1,4,zap,10049,info,,http://localhost:3000,5,Storable but Non-Cacheable Content
scenario-c,1,4,zap,10104,info,,http://localhost:3000,5,User Agent Fuzzer
scenario-c,1,5,zap,10095,medium,,http://localhost:3000,31,Backup File Disclosure
scenario-c,1,5,zap,40038,medium,,http://localhost:3000,5,Bypassing 403
scenario-c,1,5,zap,40040,medium,,http://localhost:3000,5,CORS Misconfiguration
scenario-c,1,5,zap,10038,medium,,http://localhost:3000,5,Content Security Policy (CSP) Header Not Set
scenario-c,1,5,zap,10098,medium,,http://localhost:3000,5,Cross-Domain Misconfiguration
scenario-c,1,5,zap,10017,low,,http://localhost:3000,5,Cross-Domain JavaScript Source File Inclusion
scenario-c,1,5,zap,90004,low,,http://localhost:3000,5,Cross-Origin-Embedder-Policy Header Missing or Invalid
scenario-c,1,5,zap,90004,low,,http://localhost:3000,5,Cross-Origin-Opener-Policy Header Missing or Invalid
scenario-c,1,5,zap,10110,low,,http://localhost:3000,2,Dangerous JS Functions
scenario-c,1,5,zap,10063,low,,http://localhost:3000,5,Deprecated Feature Policy Header Set
scenario-c,1,5,zap,10096,low,,http://localhost:3000,1,Timestamp Disclosure - Unix
scenario-c,1,5,zap,10109,info,,http://localhost:3000,5,Modern Web Application
scenario-c,1,5,zap,10049,info,,http://localhost:3000,1,Non-Storable Content
scenario-c,1,5,zap,10049,info,,http://localhost:3000,1,Storable and Cacheable Content
scenario-c,1,5,zap,10049,info,,http://localhost:3000,5,Storable but Non-Cacheable Content
scenario-c,1,5,zap,10104,info,,http://localhost:3000,5,User Agent Fuzzer
scenario-c,2,1,trivy,CVE-2026-27205,low,2.0,requirements.txt,1,"Package: Flask
Installed Version: 3.0.3
Vulnerability CVE-2026-27205
Severity: LOW
Fixed Version: 3.1.3
Link: [CVE-2026-27205](https://avd.aquasec.com/nvd/cve-2"
scenario-c,2,1,trivy,CVE-2026-27205,low,2.0,usr/local/lib/python3.12/site-packages/flask-3.0.3.dist-info/METADATA,1,"Package: Flask
Installed Version: 3.0.3
Vulnerability CVE-2026-27205
Severity: LOW
Fixed Version: 3.1.3
Link: [CVE-2026-27205](https://avd.aquasec.com/nvd/cve-2"
scenario-c,2,1,trivy,CVE-2025-8869,medium,5.5,usr/local/lib/python3.12/site-packages/pip-25.0.1.dist-info/METADATA,1,"Package: pip
Installed Version: 25.0.1
Vulnerability CVE-2025-8869
Severity: MEDIUM
Fixed Version: 25.3
Link: [CVE-2025-8869](https://avd.aquasec.com/nvd/cve-20"
scenario-c,2,1,trivy,CVE-2026-3219,medium,5.5,usr/local/lib/python3.12/site-packages/pip-25.0.1.dist-info/METADATA,1,"Package: pip
Installed Version: 25.0.1
Vulnerability CVE-2026-3219
Severity: MEDIUM
Fixed Version: 26.1
Link: [CVE-2026-3219](https://avd.aquasec.com/nvd/cve-20"
scenario-c,2,1,trivy,CVE-2026-6357,medium,5.5,usr/local/lib/python3.12/site-packages/pip-25.0.1.dist-info/METADATA,1,"Package: pip
Installed Version: 25.0.1
Vulnerability CVE-2026-6357
Severity: MEDIUM
Fixed Version: 26.1
Link: [CVE-2026-6357](https://avd.aquasec.com/nvd/cve-20"
scenario-c,2,1,trivy,CVE-2026-1703,low,2.0,usr/local/lib/python3.12/site-packages/pip-25.0.1.dist-info/METADATA,1,"Package: pip
Installed Version: 25.0.1
Vulnerability CVE-2026-1703
Severity: LOW
Fixed Version: 26.0
Link: [CVE-2026-1703](https://avd.aquasec.com/nvd/cve-2026-"
scenario-c,2,1,checkov,CKV_DOCKER_3,error,,apps/flask-app/Dockerfile,1,Ensure that a user for the container has been created
scenario-c,2,2,trivy,CVE-2026-27205,low,2.0,requirements.txt,1,"Package: Flask
Installed Version: 3.0.3
Vulnerability CVE-2026-27205
Severity: LOW
Fixed Version: 3.1.3
Link: [CVE-2026-27205](https://avd.aquasec.com/nvd/cve-2"
scenario-c,2,2,trivy,CVE-2026-27205,low,2.0,usr/local/lib/python3.12/site-packages/flask-3.0.3.dist-info/METADATA,1,"Package: Flask
Installed Version: 3.0.3
Vulnerability CVE-2026-27205
Severity: LOW
Fixed Version: 3.1.3
Link: [CVE-2026-27205](https://avd.aquasec.com/nvd/cve-2"
scenario-c,2,2,trivy,CVE-2025-8869,medium,5.5,usr/local/lib/python3.12/site-packages/pip-25.0.1.dist-info/METADATA,1,"Package: pip
Installed Version: 25.0.1
Vulnerability CVE-2025-8869
Severity: MEDIUM
Fixed Version: 25.3
Link: [CVE-2025-8869](https://avd.aquasec.com/nvd/cve-20"
scenario-c,2,2,trivy,CVE-2026-3219,medium,5.5,usr/local/lib/python3.12/site-packages/pip-25.0.1.dist-info/METADATA,1,"Package: pip
Installed Version: 25.0.1
Vulnerability CVE-2026-3219
Severity: MEDIUM
Fixed Version: 26.1
Link: [CVE-2026-3219](https://avd.aquasec.com/nvd/cve-20"
scenario-c,2,2,trivy,CVE-2026-6357,medium,5.5,usr/local/lib/python3.12/site-packages/pip-25.0.1.dist-info/METADATA,1,"Package: pip
Installed Version: 25.0.1
Vulnerability CVE-2026-6357
Severity: MEDIUM
Fixed Version: 26.1
Link: [CVE-2026-6357](https://avd.aquasec.com/nvd/cve-20"
scenario-c,2,2,trivy,CVE-2026-1703,low,2.0,usr/local/lib/python3.12/site-packages/pip-25.0.1.dist-info/METADATA,1,"Package: pip
Installed Version: 25.0.1
Vulnerability CVE-2026-1703
Severity: LOW
Fixed Version: 26.0
Link: [CVE-2026-1703](https://avd.aquasec.com/nvd/cve-2026-"
scenario-c,2,2,checkov,CKV_DOCKER_3,error,,apps/flask-app/Dockerfile,1,Ensure that a user for the container has been created
scenario-c,2,3,trivy,CVE-2026-27205,low,2.0,requirements.txt,1,"Package: Flask
Installed Version: 3.0.3
Vulnerability CVE-2026-27205
Severity: LOW
Fixed Version: 3.1.3
Link: [CVE-2026-27205](https://avd.aquasec.com/nvd/cve-2"
scenario-c,2,3,trivy,CVE-2026-27205,low,2.0,usr/local/lib/python3.12/site-packages/flask-3.0.3.dist-info/METADATA,1,"Package: Flask
Installed Version: 3.0.3
Vulnerability CVE-2026-27205
Severity: LOW
Fixed Version: 3.1.3
Link: [CVE-2026-27205](https://avd.aquasec.com/nvd/cve-2"
scenario-c,2,3,trivy,CVE-2025-8869,medium,5.5,usr/local/lib/python3.12/site-packages/pip-25.0.1.dist-info/METADATA,1,"Package: pip
Installed Version: 25.0.1
Vulnerability CVE-2025-8869
Severity: MEDIUM
Fixed Version: 25.3
Link: [CVE-2025-8869](https://avd.aquasec.com/nvd/cve-20"
scenario-c,2,3,trivy,CVE-2026-3219,medium,5.5,usr/local/lib/python3.12/site-packages/pip-25.0.1.dist-info/METADATA,1,"Package: pip
Installed Version: 25.0.1
Vulnerability CVE-2026-3219
Severity: MEDIUM
Fixed Version: 26.1
Link: [CVE-2026-3219](https://avd.aquasec.com/nvd/cve-20"
scenario-c,2,3,trivy,CVE-2026-6357,medium,5.5,usr/local/lib/python3.12/site-packages/pip-25.0.1.dist-info/METADATA,1,"Package: pip
Installed Version: 25.0.1
Vulnerability CVE-2026-6357
Severity: MEDIUM
Fixed Version: 26.1
Link: [CVE-2026-6357](https://avd.aquasec.com/nvd/cve-20"
scenario-c,2,3,trivy,CVE-2026-1703,low,2.0,usr/local/lib/python3.12/site-packages/pip-25.0.1.dist-info/METADATA,1,"Package: pip
Installed Version: 25.0.1
Vulnerability CVE-2026-1703
Severity: LOW
Fixed Version: 26.0
Link: [CVE-2026-1703](https://avd.aquasec.com/nvd/cve-2026-"
scenario-c,2,3,checkov,CKV_DOCKER_3,error,,apps/flask-app/Dockerfile,1,Ensure that a user for the container has been created
scenario-c,3,1,trivy,CVE-2026-27205,low,2.0,requirements.txt,1,"Package: Flask
Installed Version: 3.0.3
Vulnerability CVE-2026-27205
Severity: LOW
Fixed Version: 3.1.3
Link: [CVE-2026-27205](https://avd.aquasec.com/nvd/cve-2"
scenario-c,3,1,hadolint,DL3020,error,,apps/flask-app/Dockerfile,18,Use COPY instead of ADD for files and folders
scenario-c,3,1,hadolint,DL3020,error,,apps/flask-app/Dockerfile,21,Use COPY instead of ADD for files and folders
scenario-c,3,1,checkov,CKV_DOCKER_4,error,,apps/flask-app/Dockerfile,18,Ensure that COPY is used instead of ADD in Dockerfiles
scenario-c,3,1,checkov,CKV_DOCKER_4,error,,apps/flask-app/Dockerfile,21,Ensure that COPY is used instead of ADD in Dockerfiles
scenario-c,3,1,checkov,CKV_DOCKER_2,error,,apps/flask-app/Dockerfile,1,Ensure that HEALTHCHECK instructions have been added to container images
scenario-c,3,2,trivy,CVE-2026-27205,low,2.0,requirements.txt,1,"Package: Flask
Installed Version: 3.0.3
Vulnerability CVE-2026-27205
Severity: LOW
Fixed Version: 3.1.3
Link: [CVE-2026-27205](https://avd.aquasec.com/nvd/cve-2"
scenario-c,3,2,hadolint,DL3020,error,,apps/flask-app/Dockerfile,18,Use COPY instead of ADD for files and folders
scenario-c,3,2,hadolint,DL3020,error,,apps/flask-app/Dockerfile,21,Use COPY instead of ADD for files and folders
scenario-c,3,2,checkov,CKV_DOCKER_4,error,,apps/flask-app/Dockerfile,18,Ensure that COPY is used instead of ADD in Dockerfiles
scenario-c,3,2,checkov,CKV_DOCKER_4,error,,apps/flask-app/Dockerfile,21,Ensure that COPY is used instead of ADD in Dockerfiles
scenario-c,3,2,checkov,CKV_DOCKER_2,error,,apps/flask-app/Dockerfile,1,Ensure that HEALTHCHECK instructions have been added to container images
scenario-c,3,3,trivy,CVE-2026-27205,low,2.0,requirements.txt,1,"Package: Flask
Installed Version: 3.0.3
Vulnerability CVE-2026-27205
Severity: LOW
Fixed Version: 3.1.3
Link: [CVE-2026-27205](https://avd.aquasec.com/nvd/cve-2"
scenario-c,3,3,hadolint,DL3020,error,,apps/flask-app/Dockerfile,18,Use COPY instead of ADD for files and folders
scenario-c,3,3,hadolint,DL3020,error,,apps/flask-app/Dockerfile,21,Use COPY instead of ADD for files and folders
scenario-c,3,3,checkov,CKV_DOCKER_4,error,,apps/flask-app/Dockerfile,18,Ensure that COPY is used instead of ADD in Dockerfiles
scenario-c,3,3,checkov,CKV_DOCKER_4,error,,apps/flask-app/Dockerfile,21,Ensure that COPY is used instead of ADD in Dockerfiles
scenario-c,3,3,checkov,CKV_DOCKER_2,error,,apps/flask-app/Dockerfile,1,Ensure that HEALTHCHECK instructions have been added to container images
scenario-d,1,1,zap,10095,medium,,http://localhost:3000,31,Backup File Disclosure
scenario-d,1,1,zap,40038,medium,,http://localhost:3000,5,Bypassing 403
scenario-d,1,1,zap,40040,medium,,http://localhost:3000,5,CORS Misconfiguration
scenario-d,1,1,zap,10038,medium,,http://localhost:3000,5,Content Security Policy (CSP) Header Not Set
scenario-d,1,1,zap,10098,medium,,http://localhost:3000,5,Cross-Domain Misconfiguration
scenario-d,1,1,zap,10017,low,,http://localhost:3000,5,Cross-Domain JavaScript Source File Inclusion
scenario-d,1,1,zap,90004,low,,http://localhost:3000,5,Cross-Origin-Embedder-Policy Header Missing or Invalid
scenario-d,1,1,zap,90004,low,,http://localhost:3000,5,Cross-Origin-Opener-Policy Header Missing or Invalid
scenario-d,1,1,zap,10110,low,,http://localhost:3000,2,Dangerous JS Functions
scenario-d,1,1,zap,10063,low,,http://localhost:3000,5,Deprecated Feature Policy Header Set
scenario-d,1,1,zap,10096,low,,http://localhost:3000,1,Timestamp Disclosure - Unix
scenario-d,1,1,zap,10109,info,,http://localhost:3000,5,Modern Web Application
scenario-d,1,1,zap,10049,info,,http://localhost:3000,2,Non-Storable Content
scenario-d,1,1,zap,10049,info,,http://localhost:3000,1,Storable and Cacheable Content
scenario-d,1,1,zap,10049,info,,http://localhost:3000,5,Storable but Non-Cacheable Content
scenario-d,1,1,zap,10104,info,,http://localhost:3000,5,User Agent Fuzzer
scenario-d,1,2,zap,10095,medium,,http://localhost:3000,31,Backup File Disclosure
scenario-d,1,2,zap,40038,medium,,http://localhost:3000,5,Bypassing 403
scenario-d,1,2,zap,40040,medium,,http://localhost:3000,5,CORS Misconfiguration
scenario-d,1,2,zap,10038,medium,,http://localhost:3000,5,Content Security Policy (CSP) Header Not Set
scenario-d,1,2,zap,10098,medium,,http://localhost:3000,5,Cross-Domain Misconfiguration
scenario-d,1,2,zap,10017,low,,http://localhost:3000,5,Cross-Domain JavaScript Source File Inclusion
scenario-d,1,2,zap,90004,low,,http://localhost:3000,5,Cross-Origin-Embedder-Policy Header Missing or Invalid
scenario-d,1,2,zap,90004,low,,http://localhost:3000,5,Cross-Origin-Opener-Policy Header Missing or Invalid
scenario-d,1,2,zap,10110,low,,http://localhost:3000,2,Dangerous JS Functions
scenario-d,1,2,zap,10063,low,,http://localhost:3000,5,Deprecated Feature Policy Header Set
scenario-d,1,2,zap,10096,low,,http://localhost:3000,1,Timestamp Disclosure - Unix
scenario-d,1,2,zap,10109,info,,http://localhost:3000,5,Modern Web Application
scenario-d,1,2,zap,10049,info,,http://localhost:3000,1,Non-Storable Content
scenario-d,1,2,zap,10049,info,,http://localhost:3000,2,Storable and Cacheable Content
scenario-d,1,2,zap,10049,info,,http://localhost:3000,5,Storable but Non-Cacheable Content
scenario-d,1,2,zap,10104,info,,http://localhost:3000,5,User Agent Fuzzer
scenario-d,1,3,zap,10095,medium,,http://localhost:3000,31,Backup File Disclosure
scenario-d,1,3,zap,40038,medium,,http://localhost:3000,5,Bypassing 403
scenario-d,1,3,zap,40040,medium,,http://localhost:3000,5,CORS Misconfiguration
scenario-d,1,3,zap,10038,medium,,http://localhost:3000,5,Content Security Policy (CSP) Header Not Set
scenario-d,1,3,zap,10098,medium,,http://localhost:3000,5,Cross-Domain Misconfiguration
scenario-d,1,3,zap,10017,low,,http://localhost:3000,5,Cross-Domain JavaScript Source File Inclusion
scenario-d,1,3,zap,90004,low,,http://localhost:3000,5,Cross-Origin-Embedder-Policy Header Missing or Invalid
scenario-d,1,3,zap,90004,low,,http://localhost:3000,5,Cross-Origin-Opener-Policy Header Missing or Invalid
scenario-d,1,3,zap,10110,low,,http://localhost:3000,2,Dangerous JS Functions
scenario-d,1,3,zap,10063,low,,http://localhost:3000,5,Deprecated Feature Policy Header Set
scenario-d,1,3,zap,10096,low,,http://localhost:3000,1,Timestamp Disclosure - Unix
scenario-d,1,3,zap,10109,info,,http://localhost:3000,5,Modern Web Application
scenario-d,1,3,zap,10049,info,,http://localhost:3000,2,Non-Storable Content
scenario-d,1,3,zap,10049,info,,http://localhost:3000,1,Storable and Cacheable Content
scenario-d,1,3,zap,10049,info,,http://localhost:3000,5,Storable but Non-Cacheable Content
scenario-d,1,3,zap,10104,info,,http://localhost:3000,5,User Agent Fuzzer
scenario-d,1,4,zap,10095,medium,,http://localhost:3000,31,Backup File Disclosure
scenario-d,1,4,zap,40038,medium,,http://localhost:3000,5,Bypassing 403
scenario-d,1,4,zap,40040,medium,,http://localhost:3000,5,CORS Misconfiguration
scenario-d,1,4,zap,10038,medium,,http://localhost:3000,5,Content Security Policy (CSP) Header Not Set
scenario-d,1,4,zap,10098,medium,,http://localhost:3000,5,Cross-Domain Misconfiguration
scenario-d,1,4,zap,10017,low,,http://localhost:3000,5,Cross-Domain JavaScript Source File Inclusion
scenario-d,1,4,zap,90004,low,,http://localhost:3000,5,Cross-Origin-Embedder-Policy Header Missing or Invalid
scenario-d,1,4,zap,90004,low,,http://localhost:3000,5,Cross-Origin-Opener-Policy Header Missing or Invalid
scenario-d,1,4,zap,10110,low,,http://localhost:3000,2,Dangerous JS Functions
scenario-d,1,4,zap,10063,low,,http://localhost:3000,5,Deprecated Feature Policy Header Set
scenario-d,1,4,zap,10096,low,,http://localhost:3000,1,Timestamp Disclosure - Unix
scenario-d,1,4,zap,10109,info,,http://localhost:3000,5,Modern Web Application
scenario-d,1,4,zap,10049,info,,http://localhost:3000,1,Non-Storable Content
scenario-d,1,4,zap,10049,info,,http://localhost:3000,2,Storable and Cacheable Content
scenario-d,1,4,zap,10049,info,,http://localhost:3000,5,Storable but Non-Cacheable Content
scenario-d,1,4,zap,10104,info,,http://localhost:3000,5,User Agent Fuzzer
scenario-d,1,5,zap,10095,medium,,http://localhost:3000,31,Backup File Disclosure
scenario-d,1,5,zap,40038,medium,,http://localhost:3000,5,Bypassing 403
scenario-d,1,5,zap,40040,medium,,http://localhost:3000,5,CORS Misconfiguration
scenario-d,1,5,zap,10038,medium,,http://localhost:3000,5,Content Security Policy (CSP) Header Not Set
scenario-d,1,5,zap,10098,medium,,http://localhost:3000,5,Cross-Domain Misconfiguration
scenario-d,1,5,zap,10017,low,,http://localhost:3000,5,Cross-Domain JavaScript Source File Inclusion
scenario-d,1,5,zap,90004,low,,http://localhost:3000,5,Cross-Origin-Embedder-Policy Header Missing or Invalid
scenario-d,1,5,zap,90004,low,,http://localhost:3000,5,Cross-Origin-Opener-Policy Header Missing or Invalid
scenario-d,1,5,zap,10110,low,,http://localhost:3000,2,Dangerous JS Functions
scenario-d,1,5,zap,10063,low,,http://localhost:3000,5,Deprecated Feature Policy Header Set
scenario-d,1,5,zap,10096,low,,http://localhost:3000,1,Timestamp Disclosure - Unix
scenario-d,1,5,zap,10109,info,,http://localhost:3000,5,Modern Web Application
scenario-d,1,5,zap,10049,info,,http://localhost:3000,2,Non-Storable Content
scenario-d,1,5,zap,10049,info,,http://localhost:3000,1,Storable and Cacheable Content
scenario-d,1,5,zap,10049,info,,http://localhost:3000,5,Storable but Non-Cacheable Content
scenario-d,1,5,zap,10104,info,,http://localhost:3000,5,User Agent Fuzzer
